{
    "family": "agencia-viajes-viajes-back",
    "networkMode": "bridge",
    "containerDefinitions": [
        {
            "image": "%AWS_ACCOUNT_ENVIRONMENT%/agencia-viajes/viajes-back:%BUILD_TAG%",
            "name": "agencia-viajes-viajes-repo",
            "essential": true,
            "memory": 300,
            "portMappings": [
                {
                    "containerPort": 8080,
                    "hostPort": 0,
                    "protocol": "tcp"
                }
            ],
            "logConfiguration": {
                "logDriver": "awslogs",
                "options": {
                    "awslogs-group": "awslogs-cercania",
                    "awslogs-region": "us-west-2",
                    "awslogs-stream-prefix": "viajes-service"
                }
            }
        }
    ]
}
